,title,title_label,description,description_label
0,언론과  의 상생 윈윈 지혜 필요하다,1, 챗  개발사 오픈 와 마이크로소프트 가 대상이다  생성형 를 훈련하는 과정에서 자사 저작물을 무단 사용했다는 주장이다  미국의 언론사가   기업을 상대로 저작권 소송을 제기한 건 처음이다  대규모 언어 모델  ,1
1,    여행 트렌드   잘파세대 여행 설명서,1,생성형       글로벌 여행객  명 중  명은 여행 계획을 세울 때 생성형  를 매우 유용하게 활용했다고 밝혔으며 한국인 여행객의  가 다음 여행을 계획할 때  챗  활용에 관심을 표했다  한국 여행객들은 시간  ,1
2,다시 샌프란시스코    붐에  테크 본사  재집결,1, 챗 의 오픈 의 경우 최근 샌프란시스코 미션 베이 인근에서 두 개의 건물을 새로 임대해 샌프란시스코내의 사무실 공간을 늘리고 있다  샌프란시스코와 실리콘밸리를 대표하는  들도 이곳에서 체류하는 시간이  ,1
3,호남대  인공지능 큐브   프로그램  추진 위한 기획회의 개최,0, 챗 의 활용방법  등의 내용으로 전체 강의를 진행할 예정이다  이어 전공 학과별 가제 로  하늘을 날아볼까요  드론으로  창의력을 발휘하다  드론 기술   혁신을 꿈꾸는  챗  타고 메이킹 코딩 여행   창의적  ,1
4, 인터뷰   퇴직해도  챗  활용해 맞춤법 검사기 성능 높일 터 ,0,최근 권 교수는  챗  등 생성형  를 활용해 검사기 성능을 높이기 위해 연구하고 있다  오류를 고치는 부분에서는  가 검사기보다 낫다는 분석에서다  그는  의 작동 방식을 검사기 규칙으로 만들면서 영감을  ,1
5,디지털 시대에 무당과 역술인이 늘어나는 이유,0,우리 모두 처음 겪는 상황이기 때문이다  김홍열 연세대 졸업  사회학 박사  미래학회 편집위원  저서  축제의 사회사   디지털 시대의 공간과 권력  공저  뉴사피엔스  챗   시그널 코리아  ,1
6, 증권  국내 금융권 최초  스토어에  증권   선봬,1,사진 증권  증권은 지난  일 챗봇    거래 플랫폼  스토어 에 국내 금융권 최초로  챗  기술을 기반으로 한  증권  를 출시했다고  일 밝혔다   스토어 는  챗봇을 자유롭게 거래할 수 있는  ,1
7, 김익현의 미디어 읽기  도 넘은  이강인 기사 와  챗  시대 저널리즘,1, 챗  같은 생성형 인공지능 이 대중화되면 기자들의 일 중 상당 부분이 사라질 것이란 전망이 적지 않다  심하게는  기자의 미래도 불투명하다는 경고를 하는 사람도 있다  물론 나는  챗 가 기자를 완전히 대체할  ,1
8, 증권  국내 금융권 첫  스토어에  챗봇  증권   출시,1, 증권은 지난  일 챗봇    거래 플랫폼  스토어 에 국내 금융권 처음으로  챗  기술을 기반으로 한  증권  를 출시했다고  일 밝혔다   스토어 는  챗봇을 자유롭게 거래할 수 있는 온라인  ,1
9, 데일리픽  콘솔 게임업계  이중고 테슬라  사이버트럭 녹 아냐 ,0,하지만 일부 전문가들은  챗 와 같은   기반 도구를 사용하면 더 많은 보안 문제가 발생할 수 있다고 경고했다    엔비디아   공개 세계에서 가장 빠른 슈퍼컴퓨터 중 하나  엔비디아 가 데이터 센터 규모의  ,1
10,  금융권 최초로  스토어에  증권   출시,1, 증권은 챗봇    거래 플랫폼  스토어 에 국내 금융권 최초로  챗  기술을 기반으로 한  증권  를 출시했다고  일 밝혔다   스토어 는 인공지능 챗봇을 자유롭게 거래할 수 있는 온라인  ,1
11, 단상 새로운 문명대변혁  인류혁명 시대를 대비해야 한다,1,또  챗  인공지능 의 등장으로 그동안 문 앞에서 머뭇거리고 있던 새로운 문명대변혁의 미래에 인류는 등 떠밀리듯 들어와 버렸다   챗   와 기후변화의 본격화로 세상의 변화는 급가속하고 있다  인류는 농업혁명  ,1
12, 미래읽기  비전 프로와 공간컴퓨팅 그리고 디지털 공간경제 시대,1,전 세계를   열풍으로 몰아넣고 있는  챗 가 비전 프로에 탑재되었다   챗  개발사인 오픈 가 비전 프로용  챗  앱을 만든 것이다  이제  챗 는 다양한 아바타의 모습으로 디지털 공간에서 우리와 함께 할 것이다  ,1
13,  국내 금융권 최초로  스토어에  증권   출시,1, 증권은 지난  일 챗봇    거래 플랫폼  스토어 에 국내 금융권 최초로  챗  기술을 기반으로 한  증권  를 출시했다고  일 밝혔다   스토어 는  챗봇을 자유롭게 거래할 수 있는 온라인  ,1
14,포은중앙도서관 메이커 웹툰 프로그램 등 수강생 모집,1,상반기 웹툰 메이커 프로그램은  컷 만화 그리기  처음 만나는 책모티콘  아두이노 블록코딩   챗 와 떠나는 스토리여행 등 남녀노소 다양한 취미생활을 즐길 수 있도록 했다    미디어 라이브러리  나는야 북튜버  ,1
15, 증권  국내 금융권 최초  챗  출시,1,이투데이 박상인 기자    증권은 국내 금융권 최초로  챗 를 기반으로 한  증권  를 출시했다고  일 밝혔다   증권  는  증권 오픈 와 연계해 종목랭킹   증권 추천주  리서치 추천  연금상품 조회  ,1
16,김용경 국힘 대전서구갑 예비후보  질서 있는 세대교체 적임자 자임 ,1,저는 평소 오픈    챗 와 구글   챗봇  제미나이 를 사용해 선거운동을 하고 있습니다  그 답변 가운데 하나는  과거 보수 정당의 이미지를 탈피하고 새로운 변화와 혁신을 보여주는 것이 중요하고 미래지향적인  ,1
17,포은중앙도서관 메이커 웹툰 프로그램 등 수강생 모집,1,이번 상반기 웹툰 메이커 프로그램은  컷만화 그리기   처음 만나는 책모티콘   아두이노 블록코딩   챗 와 떠나는 스토리여행  등 남녀노소 다양한 취미생활을 즐길 수 있도록 했다    미디어 라이브러리  ,1
18,네이버   시대 본격화  검색 커머스 활용 확대,0, 챗  공개 이후  가 미래 먹거리로 떠오르면서  는   업체 입장에서 거부할 수 없는 흐름이 되고 있다  이에 네이버 역시 핵심 사업인 검색과 커머스 부문에  를 결합해 기술 경쟁력과 플랫폼 영향력이라는 두 마리  ,1
19, 증권  국내 금융권 최초  스토어에  증권   출시,1, 증권은 지난  일 챗봇    거래 플랫폼  스토어 에 국내 금융권 최초로  챗  기술을 기반으로 한  증권  를 출시했다고  일 밝혔다   스토어 는  챗봇을 자유롭게 거래할 수 있는 온라인  ,1
20, 증권  국내 금융권 최초  스토어에  증권   출시,1, 증권 제공  증권은 지난  일 챗봇    거래 플랫폼  스토어에 국내 금융권 최초로  챗  기술을 기반으로 한  증권  를 출시했다고  일 밝혔다   스토어는  챗봇을 자유롭게 거래할 수 있는  ,1
21, 줌인    훈풍타고 샌프란시스코로 돌아오는   테크 기업들,1, 챗 를 만든 오픈 는 최근 샌프란시스코의 미션 베이    인근에 있는 사무실 단지에 두 개의 새 건물을 임대하여 사무실을 늘렸다  샘 알트먼 오픈  최고경영자 의 주 거주지는 샌프란시스코의 러시안 힐  ,1
22, 가 알려주는 종목랭킹   증권   챗  출시,1,뉴데일리 변상이 기자    증권은  스토어 에 국내 금융권 최초로  챗  기술을 기반으로 한  증권  를 출시했다고  일 밝혔다   스토어 는  챗봇을 자유롭게 거래할 수 있는 온라인 마켓플레이스로  ,1
23, 증권  국내 금융권 최초로  증권   출시,1,민주신문 이한호 기자 증권은 챗봇 거래 플랫폼  스토어 에 국내 금융권 최초로  챗  기술을 기반으로 한  증권  를 출시했다고  일 밝혔다   스토어는  챗봇을 자유롭게 거래할 수 있는 온라인  ,1
24, 증권   스토어에  증권   출시,0, 증권은 챗봇    거래 플랫폼  스토어 에 국내 금융권 최초로  챗  기술을 기반으로 한  증권  를 출시했다고  일 밝혔다   스토어는  챗봇을 자유롭게 거래할 수 있는 온라인 마켓플레이스로  ,1
25, 리포트  다시 샌프란시스코로 컴백하는 테크기업 기업가들  왜 ,1, 챗 의 오픈 의 경우 최근 샌프란시스코 미션 베이 인근에서 두 개의 건물을 새로 임대해 샌프란시스코내의 사무실 공간을 늘리고 있는 겁니다  이에따라 샌프란시스코와 실리콘밸리를 대표하는  들도 이곳에서  ,1
26, 증권   스토어에  증권   출시,0, 증권이 어제 일  챗봇 거래 플랫폼  스토어 에 국내 금융권 최초로  챗  기술을 기반으로 한  증권  를 출시했다고 오늘 밝혔습니다   스토어는   챗봇을 자유롭게 거래할 수 있는 온라인  ,1
27,샘 올트먼이 촉발한   반도체 전쟁  삼성  웃는다,1, 챗 를 만든 미국 오픈 의 최고경영자  샘 올트먼은 이달   반도체를 직접 만들겠다고 선언하며 무려  조달러 약  조원 라는 천문학적인 펀드를 모집할 계획이라고 밝혔다  그는 이를 위해 사우디아라비아  ,1
28, 증권   스토어에  증권   출시,0, 증권은 지난  일 챗봇    거래 플랫폼  스토어 에 국내 금융권 최초로  챗  기술을 기반으로 한  증권  를 출시했다고  일 밝혔다    스토어 는  챗봇을 자유롭게 거래할 수 있는 온라인  ,1
29, 증권  금융권 최초  챗  서비스,1, 증권은 국내 금융권 최초로  챗 를 기반으로 한  증권  를 출시했다고  일 밝혔다   증권  는  증권 오픈 와 연계해 종목랭킹   증권 추천주  리서치 추천  연금상품 조회 등을 제공한다   증권  ,1
30,이승근   대표  년 주목해야 하는   시대 관전포인트는 코파일럿 ,0, 챗 의 등장으로 저변에서 흐르던   변화가 눈앞으로 다가오면서  챗 는 유치원에서 경로당까지 화두로 떠올랐다  이런 가운데 기업들도 업무 환경에   기술을 결합시키며 생산성을 높이고 있다  이승근   대표는  ,1
31, 증권   스토어에  증권   출시,0, 증권은 지난  일 챗봇 거래 플랫폼  스토어 에 국내 금융권 최초로  챗  기술을 기반으로 한  증권  를 출시했다고  일 밝혔다   스토어는   챗봇을 자유롭게 거래할 수 있는 온라인  ,1
32,부천시  신중년 위한 이모작 교육 프로그램  만족도 높아,0,지난  일 개강한  지금은  챗 시대 는  분 만에 신청 마감이 될 만큼 인기 강좌이다  인공지능 이 생활   챗 를 쉽고 재밌게 배울 수 있어 좋았다  등의 만족감을 나타냈다  지난  일 개강한  행복을 요리하는  ,1
33,  국내 금융권 최초  증권   도입,1,오픈  와 연계한 서비스 관련 정보 제공  증권은 최근 챗봇 거래 플랫폼  스토어에  증권  를 출시했다고  일 밝혔다  국내 금융권 최초의  챗  기술 도입이다   스토어는  챗봇을 자유롭게  ,1
34, 미래를 관통하는 청소년 액션 전략서  최서연 전상훈의 신간   질문이  ,1,교육청  학교  관공서  기업 등의 강연에서  챗 를 포함한 인공지능과 미래 전략에 관해 많은 강연을 했다  특히 앞서 펴낸 책  챗  질문이 돈이 되는 세상 은 수많은 독자의 찬사를 받으며 베스트셀러가 되었고  ,1
35,    챗봇   스토어에  증권   출시,0,   증권은 오픈 의 챗봇거래플랫폼  스토어에 국내 금융권에서는 처음으로  챗  기반의  챗봇  증권  를 출시했다고 밝혔다   사진 증권   증권은 챗봇 거래 플랫폼   스토어에 국내 금융권 최초로  ,1
36,다시 샌프란시스코로 돌아오는   테크기업  기업가 왜 ,1, 챗 의 오픈 의 경우 최근 샌프란시스코 미션 베이 인근에서 두 개의 건물을 새로 임대해 샌프란시스코내의 사무실 공간을 늘리고 있다  샌프란시스코와 실리콘밸리를 대표하는  들도 이곳에서 체류하는 시간이  ,1
37, 챗 는 끔찍한 이름이지만  바꾸기에는 너무 늦었다 ,0,방송 중 노아는  챗 으로 줄여부르는 것은 어떻겠냐고 제안했다  하지만 알트먼  는  어쨌든 우리는 이 이름을 고수할 것 이라며  괜찮게 들릴 수도 있다 라고 말했다  한편  챗 는  년  월 출시 당시 내부에서도  ,1
38, 증권  국내 금융권 최초  스토어에  증권   출시,1, 증권 사장 김성현  이홍구 은 챗봇    거래 플랫폼  스토어에 국내 금융권 최초로  챗  기술을 기반으로 한  증권  를 출시했다고  일 밝혔다 스토어는  챗봇을 자유롭게 거래할 수 있는 온라인  ,1
39,  국내 금융권 최초  스토어에  증권   출시,1, 증권은  일 챗봇 거래 플랫폼  스토어에 국내 금융권 최초로  챗  기술을 기반으로 한  증권  를 출시했다고  일 밝혔다   스토어는 인공지능  챗봇을 자유롭게 거래할 수 있는 온라인  ,1
40,부천 인생이모작센터   챗 셀프 인테리어 등 다양한 신 중년 프로그램 개강,0,앞서 진행한  지금은  챗  시대  강좌는  여 분만에 신청 마감이 될 만큼 인기를 끌었다  인공지능 이   챗 를 쉽고 재밌게 배울 수 있어 좋았다 는 소감을 전했다  또 지난  일 개강한  행복을 요리하는 남자 는  ,1
41, 증권   스토어에  증권   출시 국내 금융권 최초,1, 증권은 지난  일 챗봇 거래 플랫폼  스토어 에 국내 금융권 최초로  챗  기술을 기반으로 한  증권  를 출시했다고  일 밝혔다   스토어는  챗봇을 자유롭게 거래할 수 있는 온라인  ,1
42, 증권   스토어에  증권   출시,0, 증권은 지난  일 챗봇 거래 플랫폼  스토어 에 국내 금융권 최초로  챗  기술을 기반으로 한  증권  를 출시했다고  일 밝혔다   스토어 는  챗봇을 자유롭게 거래할 수 있는 온라인  ,1
43, 증권   챗  기술 기반  증권   선봬,0, 증권은  일 챗봇    거래 플랫폼  스토어 에  챗  기술을 기반으로 한  증권  를 출시했다고  일 밝혔다   스토어 는  챗봇을 자유롭게 거래할 수 있는 온라인 마켓플레이스로  챗  ,1
44, 증권  챗봇 거래 플랫폼에 국내 최초   챗봇 선보여,1, 증권은 지난  일 챗봇 거래 플랫폼  스토어 에 국내 금융권 중 최초로  챗  기술 기반  챗봇  증권  를 선보였다고  일 밝혔다   스토어 는  챗봇을 자유롭게 거래할 수 있는 온라인 마켓플레이스로  ,1
45,폭스바겐   투어러  선봬 최대   주행 가능 ,1,기능통합형 드라이브 액슬  음성 비서를 통해  챗  등의 기능 역시 갖추고 있는 것으로 알려졌다    투어러는  가지 배터리 팩을 선택할 수 있는 모델이다  이를 통해 최대  킬로와트 의 전력을 공급받아  ,1
46, 증권  국내 금융권 최초  스토어에  증권   출시,1, 증권은 지난  일 챗봇    거래 플랫폼  스토어 에 국내 금융권 최초로  챗  기술을 기반으로 한  증권  를 출시했다고  일 밝혔다 스토어 는  챗봇을 자유롭게 거래할 수 있는 온라인  ,1
47, 증권   스토어에  증권   출시,0, 증권은 지난  일 챗봇    거래 플랫폼  스토어 에 국내 금융권 최초로  챗  기술을 기반으로 한  증권  를 출시했다고  일 밝혔다   스토어 는  챗봇을 자유롭게 거래할 수 있는 온라인  ,1
48, 증권   스토어에  증권   출시 국내 금융권 최초,1,사진 증권  증권은 지난  일 챗봇    거래 플랫폼  스토어 에 국내 금융권 최초로  챗  기술을 기반으로 한  증권  를 출시했다고  일 밝혔다   스토어는  챗봇을 자유롭게 거래할 수 있는  ,1
49, 이토록 유익한 인터뷰  지구를 사랑하는 벨기에 청년   줄리안 퀸타르트,1,세상을 떠들썩하게 만든 인공지능  챗 도  초 만에 답을 내놓는다고 하니   초는 그야말로 찰나의 순간이다  하지만 살다보면 찰나의 순간에 모든 것이 결정되기도 한다  어떤 일을 할지 말지  이 말을 할지 말지  ,1
50,헤이즈밸리가 돌아왔다  인재찾아 스타트업 속속  로 복귀한다,0, 챗  개발사  미션베이에 사무실 두 채 임대 샌프란시스코 스타트업 투자 감소액 가장 낮아 마약 홈리스   챗  개발사 오픈 오픈 는 최근 미션 베이    지역에 있는 넓은 사무 복합 단지에서 두 채의 새  ,1
51, 조간브리핑 조수미   명예박사  예술과 과학은 운명 ,1,그것도 그럴 수밖에 없는 게 오픈   회사가 출시한  챗  는 이용자의 질문에 똘똘한 답을 준다  심지어 질문에서 요구하는 그림도 그려준다  현재의 추세로 보면  의 발전과 활용은 더욱 가속할 것이다   조선일보  ,1
52, 로 기업 투자정보 추출 에프앤가이드  특허권 획득,1,에프앤가이드 관계자는  챗  등 거대언어모델이 빠르게 발전고 있지만 금융정보 영역에서는 아직 실험적 콘텐츠만 난무하고 있다 며  투자자가 정보를 모으고 분석하는 시간을 획기적으로 줄여 실제적 가치를  ,1
53,오픈   소라  출현에 관련주 열기  후끈 ,0,오픈 는  챗  와 같은 인공지능 시스템을 통해 언어 처리 능력을 이미 증명한 바 있고   소라 를 통해 이제는 동영상의 영역에서도  의 능력을 보여주고 있다  이러한 혁신적이고 진화하는 기술력은 많은 사람들을  ,1
54, 증권  금융권 최초  스토어에  증권   출시,1, 증권이 챗봇    거래 플랫폼  스토어 에 국내 금융권 최초로  챗  기술을 기반으로 한  증권  를 출시했다   증권 오픈 와 연계해  증권 서비스 관련 정확한 정보 제공  증권 사장 김성현  ,1
55, 증권   스토어에  증권   출시,0, 증권은 지난  일 챗봇    거래 플랫폼  스토어 에 국내 금융권 최초로  챗  기술을 기반으로 한  증권  를 출시했다고  일 밝혔다   스토어 는  챗봇을 자유롭게 거래할 수 있는 온라인  ,1
56,  금융권 최초  스토어에  증권  출시,1,사진 증권  증권은 챗봇 거래 플랫폼  스토어 에 금융권 최초로  챗  기술을 기반으로 한  증권  를 출시했다고  일 밝혔다   스토어 는 인공지능  챗봇을 자유롭게 거래할 수 있는 온라인  ,1
57, 증권  생성형 로 증권 정보 더 정확하게 제공   스토어에  증권  ,1, 증권은 챗봇    거래 플랫폼  스토어 에  챗  기술을 기반으로 한  증권  를 출시했다고  일 밝혔다   스토어 는  챗봇을 자유롭게 거래할 수 있는 온라인 마켓플레이스로  챗  개발사인  ,1
58, 증권   스토어에  증권   출시,0, 증권은 지난  일 챗봇    거래 플랫폼  스토어 에 국내 금융권 최초로  챗  기술을 기반으로 한  증권  를 출시했다고  일 밝혔다   스토어 는  챗봇을 자유롭게 거래할 수 있는 온라인  ,1
59, 증권  국내 금융권 최초  스토어 내  증권   출시,1, 증권은 지난  일 추천주 정보 등을 받아볼 수 있는  증권  를 출시했다  사진 증권 국내 금융권에도  챗  기술을 활용한 거래가 이뤄지게 됐다   증권 사장 김성현 이홍구 은 지난  일 챗봇    ,1
60,   스토어 내   출시 국내 금융권 최초,1, 증권이 챗봇 거래 플랫폼  스토어 에 국내 금융권 최초로  챗  기술을 기반으로 한  증권  를 출시했다고  일 밝혔다   스토어 는 인공지능  챗봇을 자유롭게 거래할 수 있는 온라인 마켓  ,1
61, 증권   출시  국내 금융권 최초,1, 증권은 국내 금융권 최초로  스토어 에  챗  기술을 기반으로 한  증권  를 출시했다고  일 밝혔다   스토어는   챗봇을 자유롭게 거래할 수 있는 온라인 마켓플레이스로  챗  개발사인 오픈 가  ,1
62,  시대 총성없는 전쟁 삼성전자  반도체 별동대  조직,0,업계에서는  년여 전 나온  챗 가 부른 변화로 풀이한다  모든 산업  모든 업종에  가 입혀지면서 지난해  억달러였던 세계 반도체 시장이  년  조달러 규모로 커질 것으로 전망되자 세계 최강 기업들이 발을  ,1
63,  연단 서는  알파고 아버지  비중 커졌다,1, 챗 가 일으킨 생성형   열풍이 올해 전시회부터 본격적으로 반영되는 분위기다    구글 클라우드  아마존웹서비스  엔비디아  퀄컴 등   관련 빅테크 반도체 기업들은 물론 세계 각국의 대표 통신사와  ,1
64, 증권  금융권 최초  스토어  증권  출시,1, 증권은 지난  일 챗봇    거래 플랫폼  스토어 에 국내 금융권 최초로  챗  기술을 기반으로 한  증권  를 출시했다고  일 밝혔습니다   스토어 는  챗봇을 자유롭게 거래할 수 있는 온라인  ,1
65, 증권   스토어에  증권   출시 국내 금융권 최초 ,1, 증권은 지난  일 챗봇    거래 플랫폼  스토어 에 국내 금융권 최초로  챗  기술을 기반으로 한  증권  를 출시했다고  일 밝혔다   스토어 는  챗봇을 자유롭게 거래할 수 있는 온라인  ,1
66,국내 금융권 최초   증권  스토어 내   출시,1, 증권은 전일 챗봇    거래 플랫폼  스토어 에 국내 금융권 최초로  챗  기술을 기반으로 한  증권  를 출시했다   일  증권에 따르면  스토어 는  챗봇을 자유롭게 거래할 수 있는 온라인  ,1
67, 증권  국내 금융권 최초  스토어에  증권   출시,1,사진 증권  증권은 지난  일 챗봇    거래 플랫폼  스토어 에 국내 금융권 최초로  챗  기술을 기반으로 한  증권  를 출시했다고  일 밝혔다   스토어는  챗봇을 자유롭게 거래할 수 있는 온라인  ,1
68, 챗  활용 심혈관 질환 예측 정확도 입증,0,국내 연구팀이  챗 를 활용해 최근  년간 심혈관 질환 발생을 예측한 결과 기존 심혈관 질환 예측 모델과 유사한 성능을 보이는 등 질환 예측 정확도를 입증했다  최근  챗  등의 대규모 언어 모델은 사회  ,1
69,비탈릭 부테린  이더리움 디버깅  로 해결할 수 있어 ,0,보안 솔루션 제공업체 서틱 의 최고 보안 책임자 강 리는 인터뷰를 통해  코딩 시  챗 와 같은   기반 도구를 사용하면 오히려 더 많은 보안 문제가 발생하는 경우가 많다 라고 조심스러운 입장을 내놨다  ,1
70, 정신머리  시인 박참새 인터뷰    ,0,영어로 먼저 시를 쓴 뒤  챗  를 활용해 한국어로 번역하고  또 본인이 직접 의역한 버전을 함께 담은 시  도 떠올라요  모국어를 배반하고 싶다는 생각에 제가 사용할 수 있는 제 의 언어로 써본 건데 신기한  ,1
71,일론 머스크의 또 다른 도전  이번엔 인간 뇌와 컴퓨터 연결,1,지난해  월 머스크는 오픈 의  챗 에 대항하는 새로운   기업  까지 설립했다  머스크에 따르면  는  그리고  챗 가 세상을 뒤흔든 지난해  를 설립해 생성형   시장에까지 진출한 것이다   는 설립된 지  개월  ,1
72, 목멱칼럼 교사의 꿈이 사라지는 사회,1, 챗 와 같은  환경에서 학생들이 인간다움을 잃지 않고  두뇌를 발전시킬 수 있게 하는 것 역시 많은 고민과 책임 있는 학교교육에서 가능할 것이다  하지만 지금 젊은 세대에게 교직에 대한 매력은 급격히 떨어지고  ,1
73,  반도체  쩐의 전쟁 각국 막대한 자본 앞세운 투자 육성 대결,0,오픈 가  챗 라는 상용화된   서비스를 운영하고 있다면  소프트뱅크는 반도체 설계기업  의 지분   그러나 이 펀드가 성공한다면  챗  이후   분야에서 가장 큰 투자 중 하나가 될 전망이다  앞서  ,1
74, 인터뷰   다가올 세상은 궁금하고 도전은 늘 아름다워   와 사랑에 빠진  ,0,지난해 가수 박새별은 한국과학기술원  문화기술대학원에서  챗  같은 자연어 처리 모델을 본 따 음악을 분석하는  를 개발했다  동시에  의 역할을 두고 기술로 봐야 할지  예술가로 봐야 할지 논의도 활발해지고  ,1
75,격화하는   반도체 경쟁  정부가 해야 할 일 우보세 ,0, 년생 샘 올트먼   은  챗 의 성공을 계기로 세계적인 인사가 됐다  지난해 말 국내외 주요 언론은 그가  챗  개발사 오픈 에서 해임됐다가 닷새 만에  최고경영자 로 복귀하는 과정을 상세히 다뤘다  ,1
76,  시대의 신기술   생성형    챗    활용법  출판 기념 저자 특강 개최,0,이러한 변화의 최전선에 있는  생성형    챗 는 사용자의 다양한 요구에 부응하며 무한한 가능성을 펼쳐 보이고 있다  이번에 출판된  생성형    챗    활용법 은 이러한   기술을 일상과 업무에 효과적으로  ,1
77,디지털융합교육원   생성형   활용 업무 효율화 원데이 클래스 로 업무 혁신 ,0,두 번째 세션에서는 김진수 연구원이  챗 를 이용한 이미지 생성과 멀티미디어 콘텐츠 제작을 소개해 큰 관심을 받았다  텍스트 입력으로 고품질의 이미지와 비디오 스크립트 제작 방법을 시연하며  참가자들에게  챗 의  ,1
78, 이광형의 퍼스펙티브  세계는   전쟁 중  반도체 같은 기간산업으로 키우자,1,그것도 그럴 수밖에 없는 게 오픈   회사가 출시한  챗  는 이용자의 질문에 똘똘한 답을 준다  심지어 질문에서 요구하는 그림도 그려준다  현재의 추세로 보면  의 발전과 활용은 더욱 가속할 것이다  이처럼 놀라운  ,1
79,  강원의 선택  출마합니다  원창묵 원주갑 선거구 예비후보,1, 좌우명 돈 만큼 일하지 말고 꿈만큼 일하자   하루 이동거리 만 보  차량    챗 로 나를 검색한다면 강력한 추진력으로 시민을 위해 일하는 사람  호 법안은 지역 필수의료 분야 공공의료 확충 관련 법안,1
80,  유난히 화가 많은 사람 왜 그럴까 ,0, 그래픽 챗  분노는 모든 사람이 경험하는 자연스러운 감정이다  하지만 지나치게 자주  강하게 느끼는 사람이 있다  다른 사람은 대수롭지 않게 생각하는 상황에서도 혼자서 참지 못하고 버럭 화를 낸다  평소 화가  ,1
81,세계 최대 모바일 전시회   스페인서 개최,0, 챗 가 일으킨 생성형   열풍이 올해 전시회부터 본격적으로 반영될 것이라는 전망이다  마이크로소프트  구글 클라우드  아마존웹서비스  엔비디아  퀄컴 등   관련 빅테크 반도체 기업들은 물론 세계  ,1
82,의성군   챗  활용 농산물 마케팅 교육 실시,0,의성군은  일부터 다음달  일까지 농업기술센터 정보화교육장에서 교육생  명을 대상으로  챗  활용  이번 교육은 요즘 주목받고 있는  챗 딥러닝을 통해 사전 훈련된 텍스트로 인간과 유사한 언어를 생성 답변하는  ,1
83, 우리 학과를 소개합니다 전남대학교 조경학과,0,이 학과장은   프로그램을 구동할 수 있는 실습실과 캐드실  공학 실험실을 비롯해 정원을 구현해 볼 수 있는 옥상저원  수목온실 등으로 실무 역량을 키우고 있다 며  더불어  나  챗   등 기술 변화에 학생들이  ,1
84, 초 만에 거짓말 섞어 탄원서 써낸  ,0, 챗 에  음주하고 운전한 친구를 위한 탄원서  작성을 요청했더니  초 만에 원고지  장 분량의 글을 뚝딱 내놨다   어렸을 때 부모를 일찍 여의고 혼자 어렵게 산 친구 라고 가정하자  챗 는  그는 어려운 가정환경  ,1
85, 밀리면 끝장 삼성   반도체 연합군   전쟁  불 붙었다,1,업계에서는  년여 전 나온  챗 가 부른 변화로 풀이한다  모든 산업  모든 업종에  가 입혀지면서 지난해  억달러였던 세계 반도체 시장이  년  조달러 규모로 커질 것으로 전망되자 세계 최강 기업들이  ,1
86, 시대 삼성  반도체 별동대  떴다,0,업계에서는  년여 전 나온  챗 가 부른 변화로 풀이한다  모든 산업  모든 업종에  가 입혀지면서 지난해  억달러였던 세계 반도체 시장이  년  조달러 규모로 커질 것으로 전망되자 세계 최강 기업들이  ,1
87,지난해  분기 랜섬웨어 공격   증가 핵티비즘  신흥 위협으로 부상,0, 챗 를 활용한 랜섬웨어 공격이 새로운 위협으로 부상했다  보고서에 따르면 지난해  분기 랜섬웨어  앞서 중국 정부가 모 기업에 랜섬웨어 공격을 감행한 혐의로 체포한  명이 랜섬웨어 공격에  챗 를 악용한  ,1
88, 그게 뭔가요  생성  환각 줄이는  ,0, 챗 를 써본 이들이라면 이미 익숙한 경험이다   은 파라미터와 토큰 규모에 따라 답변 패턴이   빅케이스 에  를 적용했다  로앤컴퍼니 측은  국내 판례  만건 중 정보 가치가 높은 판례들을 중심으로  ,1
89,    눈으로 앱 켜고 안내견 역할도 폰   펼쳐진다,1, 챗  같은 챗봇  블루하트리틀 와 함께 시각장애인용  비보 씨 가 눈에 띄는 기능이다  비보 씨는 카메라를 통해 주위 환경과 움직임을  가 인식해 문장으로 설명해주는 기능이다  샤오미의  샤오미 와  ,1
90, 챗 에 음주운전 친구 탄원서 요청하니 초만에  뚝딱 ,0, 챗 에  음주하고 운전한 친구를 위한 탄원서  작성을 요청했더니  초 만에 원고지  장 분량의 글을 뚝딱 내놨다   어렸을 때 부모를 일찍 여의고 혼자 어렵게 산 친구 라는 점을 가정하자  챗 는  그는 어려운  ,1
91,예스폼   를 활용한 문서서식 서비스 선보여,0, 챗 가 우리 앞에 모습을 드러낸 지 채  년도 되지 않았지만  업무를 처리하는 모든 곳에서 그 누구도 상상조차 하지 못했던 혁신적인 변화를 맞이하고 있다  대한민국 최대 문서서식 플랫폼 예스폼은 최근  챗 와  ,1
92, 박재형 칼럼  선거의 해    기술이 미칠 영향은 ,0,이 회사는 자체 개발한 메타데이터 식별 도구를 이용해  챗  개발사 오픈  등 다른 회사의  로 생성한   월 미국 대통령 선거  그보다 앞서  월 한국 국회의원 총선거 등 역사적인 선거가 치러지는 올해   특히  챗 와  ,1
93,적자의 늪에 빠진 솔트룩스   년 연속 영업손실에 매출 성장폭도 둔화,0, 챗 를 구축해 올해부터 본격적으로 대국민   서비스를 제공할 예정이다  또 루시아를 탑재한 생성형   어플라이언스  루시아 어플라이언스 도 상반기 출시한다  해당 어플라이언스는 루시아뿐만 아니라   ,1
94,괴산군  스마트빌리지 보급 및 확산사업 억  만원 확보,0,주요 사업은  경로당별  챗 를 활용한 대화형 시스템  군정홍보 및 여가활동 방송시스템  맞춤형 건강관리시스템 등을 구축할 계획이다  군은 이번 사업을 통해 디지털 정보격차 해소와 복지만족도 향상과 함께  ,1
95, 기자방담  과연 국가의 미래를 염두에 둔 적이 있기는 할까,1,국내에서  챗 같은 혁신적인 기술이나 구글  애플  엔비디아 같은 초혁신기술을 바탕으로 한 시총  조달러 클럽이 나오는 건 불가능한 일인 걸까요  문득 드는 의문 하나  과연 교육부는 국가의 미래를 염두에 둔 적이  ,1
96, 는 인류 문명의  대 핵심 인프라 될 것 ,1, 챗  지피티   와 갤럭시   탑재 등으로  가 연일 화제가 되고 있는 가운데   가 앞으로는 전기  통신과 함께 인류 문명의 세 번째 핵심 인프라로 자리매김 할 것이라는 주장이 제기됐다    파트너스 이형수  ,1
97, 시대정신    생태계가 승부 가른다   페라리도 잘 닦인 도로 필요 ,1, 챗  이후   버전까지 나온 것으로 알고 있는데요  과거 인류사적으로 큰 변화를 가져왔던 산업혁명이나 정보혁명 등에 비춰봤을 때   가 가져올 변화가 세계사적으로 어느 정도라고 예측해 볼 수 있을까요    박지환  ,1
98, 한경웨비나우   월  주차에 만나는 주간 웨비나,1, 챗  무한 활용 시대    트레이너 되는 법 일정   년  월  일 수    내용   챗 를 길들이는  마법의 명령어 가 궁금하신 분께 추천 데이터로 승부하는   마케팅 일정   년  월  일 목    ,1
99, 사용자 사진 검색 이력 학습해 맞춤형 답변 제공    비서 에 기억력 ,1,오픈  과거 정보 장기 기억 기능  챗 에 탑재 맞춤형 서비스 제공하는   에이전트  포석  구글   일 업계에 따르면 최근 오픈 는 블로그를 통해  챗 가 대화 속 특정 정보를 기억하거나   챗 가 자체적으로 어떤  ,1
100, 월드코인  상승 어디까지 앱 사용자 폭증에 일주일새  특징코인 ,0, 챗  개발사 오픈  최고경영자 인 샘 올트먼의 가상자산 암호화폐  프로젝트 월드코인이 급등세를 이어가고 있다  일주일 전에 비해선 무려   이상 오르며 시가총액 순위도 하루 만에  계단 상승했다   일  ,1
101,  활용 전문가 도전하세요 올해 첫    급 시험  내달  일 시행  숏 ,0, 는  챗 와 같은 생성형  로부터 사용자가 원하는 고품질 응답을 효과적으로 도출하는 프롬프트를 최적화해 설계함으로써   활용을 선도하는 전문가입니다  문제출제는 프롬프트 디자인 전문가로 구성된  ,1
102,거짓말쟁이  가 훌륭한 직원이 된 사연,1, 챗 가 상용화된 지 얼마 되지 않았을 때 불거졌던  세종대왕 맥북 던짐 사건 이 대표 사례다  한 이용자가  세종대왕 맥북 던짐 사건에 대해 알려달라 고 요청하자   챗 는 이야기를 직접 창작해 실제로 있었던  ,1
103, 한정판 스니커즈  브그즈트 랩  만명 방문 에이블리는 고객 데이터  억 ,0, 챗  를 활용해 공고 원문과 지원 자격  지원 내용 등을 요약해서 파악할 수 있도록 했다  변재극 더브이씨 대표는  벤처 투자 시장이 위축되면서 자금 조달이 어려운 상황에서 정부 지원금은 창업자에게 어느 때보다  ,1
104,이광형 총장  괴짜가 아니더라  김현아의  세상읽기 ,1, 챗  출시 이후에는 글을 쓰고 그림을 그리며 음악을 작곡하는  가 상용화되고 있습니다  창작 영역까지 침투하는  는 두렵기도 합니다  영화  에서처럼  아들이 자아를 가진  와 사귄다고 결혼을 피하거나  영화  ,1
105,빅테크 뛰어든  로봇 시장  휴머노이드 시대 가속 로봇에 자연어 명령,0, 챗 처럼 자연어 명령만으로 로봇을 조종하는 단계로 넘어가기 위한 시도가 곳곳에서 이뤄지고 있는   챗  등장 이후 기업들의 자체 대규모언어모델  개발이 활발했듯  기업들은 자체적인 로봇용  모델 구축에  ,1
106,인텔      쇼케이스 로 소비자 위한 생성형   이해 돕는다,0,제미나이    등을 통해 진화하고 있다  인간형 로봇이나 자율주행 등도  가 탑재된다   는 산업혁명   에서 질문을 하면 시간이 걸리는 것도 이런 이치 라면서   업체들은 성능을 높이기 위해 서버와  ,1
107,지난해  분기 랜섬웨어 공격   늘어 챗  악용에  삼중협박 까지,0,특히  챗 를 악용한 공격이 발견되는 등 해커들의 전략이 점점 더 고도화되고 있는 것으로 나타나   챗 를 활용한 랜섬웨어 공격도  분기에 발생해 눈길을 끌었다  중국 정부는 모 기업에 랜섬웨어 공격을  ,1
108,  시총  위  올리고 등 돌린  거물 삼성 엔 기회,1,지난해 오픈 의  챗  성공은 엔비디아의 폭발적인 매출 성장을 가능하게 한 결정적인 트리거가 됐습니다   챗 를 필두로 생성형   열풍이 불면서 이에 필요한   반도체 시장이 급격하게 커졌기 때문입니다  ,1
109, 반도체 전설  짐 켈러 올트먼의   반도체 견제  삼성전자 파운드리 협력 주 ,1,샘 올트먼이 오픈 의  챗 를 통해 인공지능 시장에 큰 영향력을 갖춘 인물로 급부상했지만 반도체 사업 진출과 관련해서는 비현실적인 목표를 두고 있다는 비판도 이어지고 있다  반면 짐 켈러는 애플과 인텔   와  ,1
110,소라 제미나이 쏟아지는 생성형   똑똑하게 쓰려면,0,실제로  챗 를 잘 쓰는 법 과 같이 실질적인 사용 방법을 알고 싶어하는 이들이 현장에 매우 많다  그런데   챗 가  제대로 된 답을 못 찾아 주더라 며 빠르게 스스로 사용 의지를 꺾는 사례도 많았다  생성형   기술을  ,1
111,한국유학협회  유학상담서비스에  챗  접목시도,0, 챗 프롬프트엔지니어링 강의를 진행했다  이번  챗 프롬프트엔지니어링 강의는 건국대학교 산학협동관에서 약  시간 가량 진행됐으며  프롬프트연구소 정진일 대표가 강의를 맡았다  이에 최근 가장 많이 화제가  ,1
112,괴산군  스마트빌리지 보급 사업 선정 디지털 격차 해소,0,주요 사업은  경로당별  챗 를 활용한 대화형 시스템  군정홍보 및 여가활동 방송시스템  맞춤형 건강관리시스템 등이다  괴산군 관계자는  이번 사업을 통해 군민들에게 다양한 생활정보를 쉽게 전달할 수 있고  ,1
113, 알쓸패잡 김은희   한국오라클 컨설턴트   스피커 변신  검색해서 말하는  ,1,최근 구글의 제미나이 까지 발표되면서 네이버의 하이퍼클로바  카카오의 코  오픈 의  챗  메타의 라마  애플  앤스로픽의 클로드  코히어    등 언어 모델이 홍수를 이루고 있다  ,1
114,  배라   혁신 소비자 경험 확인   매장 워크샵 오픈,0,이 시스템은  챗 를 활용해 제품 비주얼까지 그려낸다  워크샵 매장에서만 접할 수 있는 제품 라인업을 빅데이터 딥러닝 기술 기반  를 접목해 신제품 딥 플레이버를 매달 선보인다  아울러 워크샵에선 차별화된  ,1
115,지난해  분기 랜섬웨어   증가 챗  활용 공격  눈길 ,0, 쉴더스가  년  분기   랜섬웨어 동향 보고서를 발간했다고  일 밝혔다   카라       는  쉴더스 주도로 구성된 랜섬웨어 대응 민간 협의체로 국내에서 유일하게 랜섬웨어 사전 탐지부터  ,1
116,삼성액티브운용  글로벌기후테크인프라    상장 한 달 수익률  ,0,지난해부터 새롭게 주목받은    의 등장으로 고전력을 필요로 하는 하이퍼스케일 데이터센터가 급증과  실제  챗 를 선보이며  시대를 선도하고 있는 마이크로소프트가 지난  월 국내 태양광 전문업체  ,1
117, 사회복지 특성화대학  한국복지사이버대    대학 중장기발전계획 비전선 ,1,이날 행사에서는 김재금 우즈베기스탄 한국국제대 부총장이  챗   실전활용법과 사이버대학의 미래 라는 제목으로 특강을 진행했다  최원석 총장은  우리 대학이 개교  주년을 바라보며 중장기발전계획을 수립한  ,1
118,딱 맞는   골라주고  전문지식 특훈도  진화하는   엔지니어   시대  노 ,0, 쉽게 말해  는 똑똑하지만 덜 예쁘게 말하고  클로드  는 덜 똑똑하더라도 예쁘게 말합니다  두  오픈 의   시리즈  네이버의 하이퍼클로바  구글의   등 국내외 거대언어모델   종을  가지  ,1
119,검찰  내년부터  검사  도입  검사 업무에 생성형   활용,0,대검은 지난해부터 가톨릭대 산학협력단에 의뢰해 오픈 가 선보인  챗 와 같은 대규모언어모델  구축을 검토해왔습니다  엘박스 등 여러 리걸테크 법률 기술  업체와도 접촉해 개발 기간과 구체적인 비용까지  ,1
120,괴산군  스마트빌리지 보급 사업  최종 선정 억원 확보,0,주요 사업으로는  경로당별  챗 를 활용한 대화형 시스템  군정홍보 및 여가활동 방송시스템  맞춤형 건강관리시스템 등을 구축할 계획이다  군 관계자는  이번 사업을 통해 군민들에게 다양한 생활정보를 쉽게  ,1
121,올트먼  경 손정의  조    전용칩 투자 점입가경 상보 ,0,그가 성공한다면 이 프로젝트는  챗 의 출현 이후   분야에서 가장 큰 투자 중 하나가 될 것이며  앞서가고 있는 마이크로소프트 를 압도할 전망이다   는  챗 를 만들어 월가에   열풍을 몰고 온  오픈  에  ,1
122, 모네 그림 속 맥주가 우리 제품일 확률은  어느  인의 질문,1,굳이  챗  이야기를 꺼내지 않아도  질문 은 오래전부터 크리에이티브의 시작과 같은 역할을 해왔다  검색을 위해 키워드를 입력하던 세상에서 문장을 입력하는 시대로의 전환은 이 질문의 힘을 다시 한번 각인시키는  ,1
123,손정의  조 투입    전용칩 공장 건설한다,1,그가 성공한다면 이 프로젝트는  챗 의 출현 이후   분야에서 가장 큰 투자 중 하나가 될 것이며  앞서가고 있는 마이크로소프트 를 압도할 전망이다   는  챗 를 만들어 월가에   열풍을 몰고 온  오픈  에  ,1
124,의료산업 생성형 초거대   구축 솔루션 출시,0,데이터스캔은 사람의 손으로 가공된 라벨링 데이터 지도학습 가 아닌  챗  등 초거대   개발에 필수인 양질의 빅데이터를 확보할 수 있는 비라벨링 데이터 표준화 솔루션이다  초거대   사전학습에 필요한  ,1
125, 인터뷰   생성형   산업혁명 수준의 변화 가져올 것 ,0, 챗 의 등장으로 많은 사람들에게 익숙한 용어가 됐다  송 대표는  생성형  가 새로운 흐름을 가져올 것 이라며  인터넷  스마트폰이 처음 등장했을 때 보다 더 큰  산업혁명에 해당하는 수준의 변화가 나타날 것 이라고  ,1
126, 오정근의 경제포커스  전략산업 반도체 육성에 국력 집중을,0,  기사입력       오정근 바른언론시민행동 공동대표 서울지방시대위원장  챗  개발사  올트먼  는  챗  등 인공지능 의 핵심기술인 대규모 언어 처리 훈련을 감당할 수 있는 고급 반도체가  ,1
127,빌 게이츠도 감탄한 최예진 교수  생성형   학습 데이터 공개해야 ,0, 최예진보다 인공지능을 더 잘 설명하는 사람은 거의 없다  빌 게이츠 마이크로소프트  창업자는 지난해  월 최예진 워싱턴대 교수와 대담을 나눈 뒤 자신의 유튜브 계정에 영상을 올리며 이렇게 말했다  대담에서  ,1
128, 챗    모르면서 거짓말 이  는  거짓말 탐지기  달았다,0, 년 전  챗  출시 이후 사회 전 분야에 생성 가 퍼질 때  대다수 법조인이 법률 분야 생성   활용에  리걸테크   법률 기술  기업이  챗 나 바드 같은 범용   보다 더 정확한  법률  를 속속  ,1
129,  대한민국   혁신의 해  트웰브랩스  영상   모델서 독보적 입지 ,1, 챗 로 생성  가 부각되면서 트웰브랩스 영상 기반 모델의 가치는 더욱 커졌다  최근 생성  가 구현하는  멀티모달 구현의 중요성이 커지고 있는 상황에서 오픈 의   모델과 구글의  제미나이  모델 역시 관련  ,1
130, 살며 사랑하며  인공지능과 시 쓰기,1, 시를 쓰려면 어떻게 해야 해  하고 물었을 때  챗 의 대답은 이러했다   쓰고 싶은 주제를 골라봐요   챗 의 대답이 무엇이었든간에 그가 대답했다는 사실이 내게는 중요했다  나는 정답이 필요했던 것이 아니라 시  ,1
131, 조 프로젝트  코드명  이자나기    패권  전쟁  손정의도 뛰어들 ,0, 챗  등장 이래   분야에서 가장 큰 투자 중 하나가 될 것 이라고 보도했다  매년 두 자릿수 이상의    제국 건설 나선 샘 올트먼 손 회장의 가장 큰 경쟁자는  챗 로 생성형  시대를 연 오픈 의 샘 올트먼  ,1
132,보험 설계 심사  가 원스톱으로 해결 ,0,현대해상   텔레콤과   혁신 기대    손보   비서  개발 동시에 특허 획득 최근  챗  등 생성형 인공지능  서비스가 금융업계에 급속히 퍼지면서 보험업계도   기반의 혁신적인 보험 서비스를 잇따라  ,1
133, 기고 챗 와 인공지능이 세상을 바꾸고 있다,1, 챗 의 뛰어남에 대해 이야기한다  너무나도 광범위하고 다양한 분야에서 전혀 경험하지 못한 큰 영향을 만들어 낼 것이라 예단한다  지난해 진주시의회 직무교육에서 이름만 들어본  챗 라는 걸 알게 되고 많은 정보를  ,1
134,급변 사회에  핵개인 으로 트렌드 이끄는 주체 돼야,1, 챗 의 등장으로  와 대화를 나누는 것도 가능하게 됐다  개인이 가진 경험의 가치가 점차 줄어들고 있는 것이다  이제 잠까지 줄여가며 열심히 일하는 것은 의미가 없어졌다  관리자가 사라지고 인간은 현업으로  ,1
135, 모바일 퍼스트  아닌  미래 퍼스트 로   년 최대 화두는  ,0, 챗  등 생성형  의 등장으로 시작된   반도체 열풍에 맞춘 메모리 솔루션을 제시할 것으로 보인다  삼성전자 모바일  부문은 최근 출시한 자사 첫  폰  갤럭시   시리즈를 내세울 예정이다  이밖에 세계  ,1
136, 이슈픽 쌤과 함께   시대  첨단 반도체 전쟁 신창환 교수,1, 챗 로부터 시작된  생성형  를 필두로 한 인공지능 시장은 유례없는 성장을 보이고 있다  그리고 핵심이 되는   반도체 의 주권을 차지하기 위한 경쟁도 더욱 치열해지고 있다  우리가 주목해야 할 것은 커지는   ,1
137, 만원 받고  추행 없었다 작년 위증사범   증가 이유,0, 챗 까지 동원 방어권 침해 지적에도   위증 민감도  위증죄는 증인이나 피의자의 법정 진술이 객관적  최근엔  챗 를 동원해  가짜 탄원서 를 작성한 뒤 검찰과 법원에 제출한 마약사범이 검찰에 적발되기도  ,1
138,의성 농산물 마케팅 교육 실시,0,의성군은  일부터 오는  월  일까지 농업기술센터 정보화교육장에서 교육생들을 대상으로  챗  활용 농산물  이번 교육은 요즘 주목받고 있는  챗 딥러닝을 통해 사전 훈련된 텍스트로 인간과 유사한 언어를 생성하여  ,1
139, 단독   수백명 채용 효과  검사  시대 곧 열린다,0,대검은 지난해부터 가톨릭대 산학협력단에 의뢰해 오픈 가 선보인  챗 와 같은 대규모언어모델  구축을 검토해왔다  엘박스 등 여러 리걸테크 법률 기술  업체와도 접촉해 개발 기간과 구체적인 비용까지 논의한  ,1
140, 기술 각축장  되나 세계 최대 모바일 전시회   내주 개막,0, 챗 가 일으킨 생성형   열풍이 올해 전시회부터 본격적으로 반영될 것이라는 관측이다  마이크로소프트  구글 클라우드  아마존웹서비스  엔비디아  퀄컴 등   관련 빅테크 반도체 기업들은 물론 세계  ,1
141,  프런티어  한국  실력  의     지원 시급 ,0,업계에서는   생태계 경쟁이 앞으로 오픈 의  챗  마이크로소프트 의 코파일럿  구글의 제미나이 등  파전으로 전개될 것으로 예상하고 있다  앞선 기술력과 막대한 자금력으로 생태계 확장에 나서고 있는  ,1
142,세계최대 이동통신 전시회   전세계 집중  관심,1,  분야 중들 중에서는 질문형 학습형을 통해 답을 주는  챗 가 관심을 끌것으로 전망된다   의 라라 디워  최고마케팅책임자 는  이번 행사는 전 지구의 지속가능성을 위한 미래의 잠재력을 실현하고자 여러  ,1
143,세계 최대 모바일 전시회   빅테크   기술 장 될 듯,0,광범위한 주제를 넘나드는 행사지만 최근  챗 가 일으킨 생성형   열풍에 영향을 받은  에 스포트라이트가 맞춰지는 모양새다  마이크로소프트 구글 클라우드 아마존웹서비스 엔비디아 퀄컴 등   ,1
144,유럽에 데이터센터 투자하는 빅테크    규제법 대비 포석 ,0,초안 발의 이후 오픈   챗  등이 등장하면서 범용   관련 규제 조항이 추가됐다     개국은 지난  일 세계 최초로   규제법에 최종 합의했고   월쯤 의회 본회의에서 최종 통과될 예정이다  일부 조항을 제외하면  ,1
145,  찾은 브로드컴 회장  혁신엔 국경없다 과한 규제  득보다 실 ,0,학위수여식사를 위해 무대에 오른 혹 탄 회장은  내가 처음 말레이시아의 가족을 떠나 미국으로 향한  년엔 스마트폰도   챗 도  인터넷도 존재하지 않았다 며  앞으로의 미래에는 엄청난 혁신이 기다리고 있을 것  ,1
146, 챗  자동매매로 하루   고수익 거래소 예탁원 문서도 위조,0, 챗  등  를 활용한 자동매매로 하루  의 고수익을 낼 수 있다고 현혹하거나 한국거래소  예탁결제원 등의 문서를 위조하는 등 사기수법도 진화했다  금융감독원은 지난해 제보 민원 등을 통해 불법 금융투자 혐의  ,1
147,오픈   개월만에 기업가치  배 껑충 조원 돌파했다,1,세계에서  번째로 가치있는 비상장기업 등극  챗 를 운영하는 미국 오픈 의 기업가치가  개월 만에  배 폭증하면서 우리돈으로  조원을 넘어섰다  이와 함께 비공식적으로 세계에서  번째로 가치있는 비상장  ,1
148, 개 국어로 말하는  만원짜리 피규어 등장  완구 급속 확장 ,0,블럭나인도 지난해  월  챗 를 탑재한  루나 로봇 을 론칭했다  원더풀플랫폼 역시  챗  기반의 노인 돌봄 로봇  다솜 을 서비스 중이다  이처럼 완구나 인형 등은   기술을 상용화할 수 있는 유망 분야로 꼽힌다  특히  ,1
149, 김대호 진단  뉴욕증시 폭발   수혜주 열전   엔비디아    젠슨 황 ,1, 챗  등 생성형   개발에 쓰이는 그래픽처리장치 가 불티나게 팔려나가면서 실적이 최고치를 거듭 경신하고 있다  엔비디아는   반도체 시장에서  의 점유율을 기록할 정도로 독점적인 위치를 차지하고  ,1
150, 내돈내산  명품 리폼하면 불법 챗   상표권 침해 아냐   일문 답 ,0, 에서는  챗 를 활용해 요즘 이슈가 되고 있는 사안을 짚어보는  일문 답  코너를 마련했습니다  우리   챗   상표권 침해 아냐   챗 는  리폼한 명품을 판매할 생각이 없었더라도 상품권 침해에 해당하는가  ,1
151, 뉴스핌 라씨로  필옵틱스  차세대  반도체 기판   장비 공급 추진,0,최근  챗  시장 개화에 고성능 반도체 수요가 증가하자 실리콘 기판을 대체할 수 있는 유리 글라스  기판에 대한 관심이 높아지고 있다  이에 필옵틱스는 플라스틱 기판 대비 반도체 전력 효율과 생산성을 동시에  ,1
152,인공지능 과 선거,0, 로 다양한 콘텐츠 제작 가능해지며 허위정보에 대한 위험성 급격히 증가 유권자의 적극적인 신고 제보 중요 기업가치가  조원에 이르며  챗 를 출시한 오픈 는 작년 말 공동 창립자이자  인 샘 올트먼이  ,1
153, 모닝픽  한국  콜롬비아에   수출 청신호,0,샘 올트먼  는 세계경제포럼에서 연설하며  이 회사는   붐의 중심에 있으며   챗  출시 이후 크게 주목받았다   년 매출은  억 달러 이상으로 치솟았고  마이크로소프트로부터  억 달러의 투자를 받았다  최근에는  ,1
154,이슈 픽 쌤과 함께   시대  첨단 반도체 전쟁  고려대학교 전기전자공학부  ,1, 챗 로부터 시작된  생성형  를 필두로 한 인공지능 시장은 유례없는 성장을 보이고 있다  그리고 핵심이 되는   반도체 의 주권을 차지하기 위한 경쟁도 더욱 치열해지고 있다  우리가 주목해야 할 것은 커지는   ,1
155, 헬스   챗  심혈관 질환도 예측한다,0,국내 연구진이  챗 을 통해 심혈관 질환도 예측이 가능하다는 연구결과를 도출했다  배성아 연세대학교   챗 의 심혈관 질환 예측 정확도를 입증했다고  일 밝혔다  최근  챗  등의 대규모 언어 모델은 사회  ,1
156,  상표 등록 무산 오픈  고소 못 해,0,오픈 의   상표 등록이 또 무산됐다  이에 따라  의료 나  법률  등  라는 용어를 사용하지 말라는 오픈 의 정책은 힘을 잃게 됐다  다만  는 상표 등록에 성공  무단 사용이 불가능하다  ,1
157,로이드케이  년 만에 연매출  억 생성   기반 솔루션으로 맞춤형   선 ,0,특히  과의 연계를 통한 외부 데이터 검색을 지원  기업 수요에 따라  챗   하이퍼클로  등 다양한  을 활용할 수 있다  이를 통해  자연어처리  벡터 검색과 키워드 검색을 모두 지원하는 통합 검색  를  ,1
158,김기정 콕스웨이브 대표   챗봇  대표 분석 도구  자리매김 ,1,그 까닭에 인터페이스를 완성하기도 전에 뤼튼이  호 고객이 됐고   챗 의 등장으로 사업에 힘이 붙었다  김기정 대표가 회사 비전에 대해 설명하고 있다  아직 국내외 이렇다 할 경쟁자는 찾기 어렵지만  멀티모달  ,1
159,삼성에  폰 선두 뺏긴 애플    반격 태세 돌입,0, 챗  등 생성형  가 본격 개화함에 따라 시리는 시대에 뒤떨어지는 모델로 평가받았다  그러나 대규모언어모델 을 접목해 시리 을 구현한다면 새롭게 주목받을 것이라는 계산이다  또한 메시지와 애플뮤직에  ,1
160,용인세브란스병원 연구팀   챗  활용 심혈관 질환 예측 정확도 입증,0, 챗 의 심혈관 질환 예측 정확도를 입증했다고  일 밝혔다  최근  챗  등의 대규모 언어 모델은 사회 전반에서 폭넓게 활용되고 있다  특히   모델 기반의  챗 이하  는 미국의 의사면허시험 에서   ,1
161, 지털헬스케어  의료로 확대되는  미소정보기술  데이터 스캔 ,1,생성형   개발 트렌드 역시  챗 를 비롯한 대규모언어모델 과 작지만 강한 소형화 최적화 파인튜닝 로   데이터스캔 은 의료 산업 분야에서 사람의 손으로 가공된 라벨링 데이터 지도학습 가 아닌  챗  등  ,1
162, 개 빅테크  선거 망치는 딥페이크 공동 대응 ,0, 챗 로 유명한 오픈 와 스태빌러티  등   분야 신흥 강자들뿐 아니라 틱톡  스냅   도 이번 서명에 동참했다  이번 협약에 참여한 기업들은 초거대   모델의 위험성을 산정하고  자신들의 플랫폼에서 유포되는 각종  ,1
163,해양경찰  전 직원에  비서 제공하고 업무에  챗  활용,1, 챗 의 도움을 받을 수 있게 된다  해경은 이를 위해  년부터  억 원의 예산을 들여 바다에서 일어나는  또 해양경찰 관련 법령과 각종 매뉴얼 등을 학습한 생성형    챗 를 업무에 활용할 수 있도록 했다    개인  ,1
164,손정의   억달러   반도체 벤처 펀드 꾸린다,0,벤처 펀드가 조성된다면   챗  등장 이후   분야에서 가장 큰 투자가 될 것이며  이는 최근 마이크로소프트가 오픈 에  억달러 이상을 투자한 것을 능가하는 규모다  손정의 회장은  의 미래에 대해 긍정적으로  ,1
165, 김수종 칼럼  초등학생들의 더치페이 방식,0,그들이 한창 공부하고 일할 나이엔  인공지능 능력이 현재의  챗 나 챗봇을 뛰어 고도화할 텐데  이런 단계에 이를 때 우리 사회의 인간관계는 어떤 모습으로 변해 있을지 상상하기 어렵습니다  기술이 발전해도 세대  ,1
166,  골드러시 시대  청바지와 곡괭이  없는 기업 생존의 길,1,반면에 작년  챗 와 더불어 현재 매스컴에서 많이 회자되는  는 생성  이다  이 둘 다 근본 기술은 딥러닝에 바탕을 두고 있으나 그 결과물에서 다르다  앞은 판별의 결정이고 뒤는 새로운 콘텐트  즉 문장  대화  그림  ,1
167,   는 건강에 나쁘다 오해와 진실은 ,1, 그래픽 챗    하면 가장 먼저 떠오르는 생각은 건강에 해로운 화학조미료라는 것이다  이러한 인식은  년  가 많이 사용되는 중국 음식을 먹은 후 목과 팔 등이 저리고 어지러운 증상이 나타났다는  ,1
168,조희대  법관 증원 연내 처리 예산 법안 제출권 가져야 ,1,조 대법원장은 법관 보수를 대폭 인상하는 등 다양한 사법 개혁을 통해 싱가포르가   챗 가 꼽은 가장 효율적인 사법제도 운영 국가로 발돋움했다고 소개하기도 했습니다  다만  지난달  심에서 무죄를 선고받은 양승태  ,1
169,경기신용보증재단   년 제 차 경영전략 워크숍 개최,0,이날 워크숍은  부 미래성장 대비를 위한  챗  활용법과  부 실무적인 업무점검 및 계획으로 진행됐다   부에서는 미래 경영환경과 기관 운영방향 등과 관련하여  챗  활용전략에 대한 강의와 토론이 진행됐으며  이어서  ,1
170,아마존  최대 규모 텍스트 음성 변환 모델  베이스   공개,0,베이스   아키텍처  사진 아마존  첫번째 모델은 오픈 의  와 같은  트랜스포머  아키텍처  음성 비서  알렉사 를 염두에 둔 것이다  아마존도 알렉사를  챗 와 같은   챗봇으로 탈바꿈하고 있다 ,1
171,혹 탄 브로드컴 회장  혁신의 핵심은 국가가 아니라 인재다 ,1,이어 지금은 개인용 컴퓨터  디지털 카메라     챗 가 없는 모습을 상상할 수 없듯 앞으로의 미래에는 또 다른 엄청난 혁신의 시대가 열릴 것이라 예상했다  혹 탄 회장은  여러 국가가 글로벌 협력을 통해 혁신을  ,1
172,인공지능  기억력까지 갖추나 챗   대화 내용 모두 기억한다   초 뉴스 ,0,예를 들어  챗 에게  아들이 올해  살이고 새우 알러지가 있다 는 대화를 나눴다고 가정했을 때  다음번 대화에서  챗  에게  아들 생일인데 저녁 메뉴 추천해줘 라고 질문하면 아들의 정보를 기억해  살  ,1
173, 챗  강사 김진희  한국산업안전보건공단의 산업안전보건교육원 역량강화 워 ,1,좌측부터 미래교육아카데미  챗 생성  교육전문가 유리안  강미숙 강사  김진희 대표 지난  일  미래교육아카데미 대표이자  챗 생성  교육전문가 김진희 강사는 소노벨 경주 에메랄드홀에서  ,1
174,  원천은 데이터  국내 기업 위한 데이터셋 필요 ,1,오픈 가  챗 로 생성형   시장을 열었다면 메타는 라마를 통해 작은 오픈소스 모델로도 충분한 성능을 발휘할 수 있음을 보여줬다는 것이다  최 교수는 국내   생태계를 확산시키기 위해서는  의 근간이 되는  ,1
175,  뉴욕주  딥페이크 남용 막기 위한   조작 처벌  규정 추진,0,지금까지 각종   기반 딥페이크 콘텐츠들에 대한 대응은  챗 의 개발사 오픈 를 비롯한 주요   기업들이 민간 차원에서 자율적으로 통제하고 사용 및 접근 금지 조치를 시행한 것이 전부였다  하지만 이날  에 이어  ,1
176, 판사 안 늘리면 배심원제 가는 수밖에  사법개혁 외친 대법원장,1,그는  요즘  챗 에 한국어와 영어로 가장 훌륭한 사법제도를 가진 나라가 어디냐고 물어보면 싱가포르라고 대답한다 며  년 전 사법개혁에 성공한 싱가포르처럼 한국도 제도적 문제를 근본적으로 들여다보고 고민해야  ,1
177,솔트룩스  지난해 매출  억원 역대 최대,1, 를 구축해 올해부터 본격적인 대국민  서비스로 제공할 예정이다  또한 루시아를 탑재한 세계 최초의 생성  어플라이언스  루시아 어플라이언스 를 올해 상반기에 출시한다  어플라이언스는 루시아뿐 아니라   ,1
178, 제 회 에너지시설 안전포럼  최연우 산업부 국장   활용 중요성 인식 에 ,0,최 국장은  지난해  챗 가 등장하면서 전 세계 열풍을 일으킨   기술은 우리 경제와 일상생활 전반에 확산되고 있다 며  특히 에너지 분야에 대한   기술 활용도 점차 확산되고 있다 고 말했다  그는   기술은  ,1
179,솔트룩스  작년 매출액  억원 달성  역대 최대 ,1, 챗 를 구축해 올해부터 본격적인 대국민  서비스로 제공할 예정이다  또한  루시아를 탑재한 세계 최초의  어플라이언스는 루시아뿐 아니라   등의 오픈모델도 연동해 사용 가능하며  특히 개발자 없이도 누구나  ,1
180,솔트룩스  작년 매출  억원 올해 투자 회수 기대,0, 챗 를 구축해 올해부터 본격적인 대국민  서비스로 제공할 예정이다  또한 루시아를 탑재한 생성  어플라이언스  루시아 어플라이언스 를 올해 상반기에 출시한다  어플라이언스는 루시아뿐 아니라   등의  ,1
181,경기신용보증재단  올 첫 경영전략 워크숍 개최,0,이날 워크숍은  부 미래성장 대비를 위한  챗  활용법과  부 실무적인 업무점검 및 계획으로 진행됐다   부에서는 미래 경영환경과 기관 운영방향 등과 관련하여  챗  활용전략에 대한 강의와 토론이 진행됐으며  이어서  ,1
182,조희대  법관 증원 연내 처리 예산 법안 제출권 가져야 ,1,조 대법원장은 법관 보수를 대폭 인상하는 등 다양한 사법 개혁을 통해 싱가포르가   챗 가 꼽은 가장 효율적인 사법제도 운영 국가로 발돋움했다고 소개하기도 했습니다  다만  지난달  심에서 무죄를 선고받은 양승태  ,1
183,국세청    홈택스 도입 내 외국기업 지원 등 역점 추진과제 발표,0,또한  챗  와 같은   검색 기능을 구현하고 납세자 문의사항을 분석하여 최적의 답변을 생성 안내하는 생성형   상담원 도입 등 누구나 쉽고 편리하게 사용할 수 있도록 하는   홈택스로의 고도화 개편 방안을  ,1
184,경기신용보증재단   도민의 사업 성공파트너  역할 모색,0,워크숍은  부  미래 성장 대비를 위한  챗  활용법 과  부  실무적인 업무점검 및 계획 으로 진행됐습니다  경기신용보증재단은 지난해 김동연 경기도지사의 확장재정을 통해 확보한 출연금으로 저금리 장기대출  경기  ,1
185,  단계별 가이드라인 마이데이터 확산 기반 마련,0,지난해  월  챗  유료가입자의 이름과 이메일  신용카드 번호 등이 유출됐는데 한국 이용자  명도 포함됐던 거로 드러나기도 했습니다  녹취  송민재   대학원생  특히나  챗  같은 거에서 자신의 정보를 쓰게 되면 그게  ,1
186,솔트룩스  지난해 매출  억원 역대 최대,1,그 결과 국내 최초의 초거대언어모델   루시아 를 발표했고  서울교통공사 사업을 통해 국내 최초로 안전  챗 를 구축해 올해부터 본격적인 대국민  서비스로 제공할 예정이다  또 루시아를 탑재한 세계  ,1
187,엔비디아 주가 고공행진    반도체  메가 트렌드로 부각,1, 챗  등 생성형   개발에 쓰이는 그래픽처리장치 가 불티나게 팔려나가면서 분기 실적이 최고치를 거듭 경신하고 있다  엔비디아는   반도체 시장에서  의 점유율을 기록할 정도로 독점적인 위치를 차지하고  ,1
188,솔트룩스  지난해 매출  억  역대 최대 올해 투자 회수 기대,0, 챗 를 구축해 올해부터 본격적인 대국민  서비스로 제공한다  루시아를 탑재한 세계 최초의 생성  어플라이언스  루시아 어플라이언스 를 올해 상반기에 출시한다  어플라이언스는 루시아뿐 아니라   등의  ,1
189,솔트룩스  지난해 매출  억원 역대 최대  올해 투자 회수 기대,0,서울교통공사 사업을 통해 국내 최초로 안전  챗 를 구축해 올해부터 본격적인 대국민 인공지능  어플라이언스는 루시아뿐 아니라   등의 오픈모델도 연동해 사용 가능하다  특히 개발자 없이도 누구나 전원만  ,1
190,솔트룩스  올해 매출 절반 이상   사업 통해 확보한다 ,1, 챗 를 구축해 올해부터 본격적인 대국민  서비스로 제공할 예정이다  또한  루시아를 탑재한 세계  어플라이언스는 루시아뿐 아니라   등의 오픈모델도 연동해 사용 가능하며  특히 개발자 없이도 누구나  ,1
191,솔트룩스  지난해 매출  억 영업손실  억 올해 투자 회수 기대 ,0,서울교통공사 사업을 통해 국내 최초 안전  챗 를 구축해 올해부터 국민   서비스로 제공할 예정이다  또 루시아를 탑재한 세계 최초의 생성   어플라이언스  루시아 어플라이언스 도 올해 상반기 출시한다    ,1
192,솔트룩스  작년 매출  억원 영업손실 큰 폭 증가,1, 챗 를 구축해 올해부터 본격적인 대국민   서비스로 제공할 예정이다  또한 루시아를 탑재한 세계  어플라이언스는 루시아뿐 아니라   등의 오픈모델도 연동해 사용 가능하다  개발자 없이도 누구나 전원만  ,1
193,  시대에  소프트 스킬 에 대한 수요가 늘어나는 이유  긱스 ,0,생성형    챗 를 개발한 오픈 의 샘 알트만  은   기술로 변화하는 세상에 잘 적응해서 살아가는 능력이 그 어떤 특정 기술보다 중요하다 라며 회복탄력성 을 강조했다    시대에 필수적인 소프트  ,1
194,용인세브란스병원   챗 로 심혈관 질환 예측 정확도 입증,0, 챗 의 심혈관 질환 예측 정확도를 입증했다고  일 밝혔다  최근  챗  등의 대규모 언어 모델은 사회 전반에서 폭넓게 활용되고 있다  특히   모델 기반의  챗 이하  는 미국의 의사면허시험 에서   ,1
195, 카드  솔트룩스  작년 매출  억원  역대 최대 올해 투자 회수 기대,0, 챗 를 구축해 올해부터 본격적인 대국민  서비스로 제공할 예정이다  또한  루시아를 탑재한 세계  어플라이언스는 루시아뿐 아니라   등의 오픈모델도 연동해 사용 가능하며  특히 개발자 없이도 누구나  ,1
196, 에 먹히지 않을 나만의  일 할 권리 성패는  퍼스널 브랜딩 ,0,날이 갈수록 발전하는  챗 와 같은 생성형  의 등장도  잡러에겐 또 다른 부담이 될 수 있다  유기윤  실제로  챗  등 생성형 인공지능의 등장 이후  일본 프리랜서 라이터 업계에서도 임금 삭감을 요구하는  ,1
197,솔트룩스  작년 매출  억원 역대 최대 올해 투자 회수 기대 ,1, 를 구축해 올해부터 본격적인 대국민   서비스로 제공할 예정이다  또한 루시아를 탑재한 세계 최초의 생성  어플라이언스  루시아 어플라이언스 를 올해 상반기에 출시한다  어플라이언스는 루시아뿐 아니라   ,1
198,솔트룩스  지난해 매출  억원 역대 최대  올해 투자 회수 기대 ,0, 챗 를 구축해 올해부터 본격적인 대국민  서비스로 제공할 예정이다  또 루시아를 탑재한 생성  어플라이언스  루시아 어플라이언스 를 올해 상반기에 출시한다  어플라이언스는 루시아뿐 아니라   등의  ,1
199,용인세브란스병원 배성아 윤덕용 교수 연구팀   챗  활용 심혈관 질환 예측 ,0, 챗 의 심혈관 질환 예측 정확도를 입증했다고  일 밝혔다  최근  챗  등의 대규모 언어 모델은 사회 전반에서 폭넓게 활용되고 있다  특히   모델 기반의  챗 이하  는 미국의 의사면허시험 에서   ,1
200,인천시  시민과 함께 읽을 올해의  미추홀북 을 뽑아 주세요,0,매일일보   이종민 기자     인천광역시 미추홀도서관에서는 오는  월  일까지 관내 도서관  학교 및 지역 서점과 함께   미추홀북 도서 최종 선정을 위한 시민투표를 진행한다고 밝혔다   미추홀북 은 인천시에서  ,1
201,경기신용보증재단   년 제 차 경영전략 워크숍  개최,0,이날 워크숍은  부 미래성장 대비를 위한  챗  활용법과  부 실무적인 업무점검 및 계획으로 진행됐다   부에서는 미래 경영환경과 기관 운영방향 등과 관련하여  챗  활용전략에 대한 강의와 토론이 진행됐으며  이어서  ,1
202,나이들면 왜 치과질환이 잘 생길까   입이 마르기 때문이죠 ,1,그래서 오늘은  챗 에게 질문했습니다  대단합니다  제가 치과질활이라고 잘못 표기해도 똑똑하게 알아듣고 대답을 합니다  저도  챗 에 익숙해지고   챗 도 저에게 익숙해지는 것 같습니다  어쩌면 구강세정기 관련 제  ,1
203,생성형 인공지능의 부상에 따른 경제 사회적 임팩트와 이슈,0,특히 주목할 만한 진보의 예가  의  챗 이다   년  월  이전 모델인    보다 약  배 더 큰 규모의  챗 가 출시되어 큰 화제를 모았다  또한  년 말에는 구글이자체 생성형   모델인  ,1
204, 위 셀바스  주가   위 글로벌텍스프리 주가   위 삼성에스디에스 주가   월 ,1, 챗  등  현재 상승률 기준  위는 셀바스  주가이다  전일  원 대비  원 상승해  원이다  전일대비 등락률은  이며 거래량은  으로 나타났다  테마별 주식   챗봇 챗  등  현재 상승률  ,1
205,조희대  법관 증원 연내 처리 예산 법안 제출권 가져야 ,1,조 대법원장은 법관 보수를 대폭 인상하는 등 다양한 사법 개혁을 통해 싱가포르가   챗 가 꼽은 가장 효율적인 사법제도 운영 국가로 발돋움했다고 소개하기도 했습니다  다만  지난달  심에서 무죄를 선고받은 양승태  ,1
206,오픈  텍스트로 영상 만드는  소라  공개  동영상 광고 시장 어쩌나,0,현재까지는 제한된 일부의 창작자들만 접근 가능한 것으로 알려져 있지만 추후 현재 텍스트 기반  챗 와  오픈 는  소라는   모델과 유사한 변환기 아키텍처를 사용해 뛰어난 확장 성능을 제공한다 며  실제 세계를  ,1
207, 재판지연 해소 올인  조희대 대법원장  국회 정부 도움 절실 ,1,이어  현재 세계에서 가장 효율적인 사법제도를 갖춘 나라가 어딘지  챗 에 물어보면   이상 싱가포르라고 답변한다 며  여년에 걸쳐 장기 목표를 세우고 국가 예산을 투입해서 이뤄낸 결과로 보인다 고  ,1
208,인텔 파운드리 행사에 미국 상무장관도 참여  대규모 정부 보조금 발표할까,1, 챗  개발사 오픈 의 샘 올트먼  도 인텔 행사에서 인공지능 의 미래를 주제로 연설을 진행한다  샘 올트먼이 직접 인공지능 반도체 설계기업을 설립하기 위해  와 삼성전자 등 다양한 기업과 협력을 논의해 온  ,1
209,인천시  올해의 미추홀 북  뽑아 주세요,0, 인간 인간성 인간이라면  주제로 시민 투표 통해  권 선정   미추홀북 최종도서 선정 시민투표  이미지 인천 미추홀도서관이  월  일까지 도서관  학교 및 지역 서점과 미추홀 북 도서 최종 선정을 위한  ,1
210,인천시 시민과 함께 읽을 올해의 미추홀북 을 뽑아 주세요,0,인천시 시민과 함께 읽을 올해의 미추홀북 을 뽑아 주세요 인천시 미추홀도서관은 다음달  일까지 관내 도서관  학교 및 지역 서점과 함께   미추홀북 도서 최종 선정을 위한 시민투표를 진행한다고  일 밝혔다  ,1
211,인천시  시민과 함께 읽을 올해의 미추홀북 을 뽑아 주세요,0, 인간  인간성  인간이라면  주제로 시민 투표 통해  권 선정 인천시 미추홀도서관은 오는  월  일까지 관내 도서관  학교 및 지역 서점과 함께   미추홀북 도서 최종 선정을 위한 시민투표를 진행한다고 밝혔다  ,1
212, 챗  활용 심혈관 질환 예측 정확도 입증,0, 챗 의 심혈관 질환 예측 정확도를 입증했다  최근  챗  등의 대규모 언어 모델은 사회 전반에서 폭넓게 활용되고 있다  특히   모델 기반의  챗 이하  는 미국의 의사면허시험 에서   이상의 정답률로  ,1
213, 챗  활용 심혈관 질환 예측 정확도 입증,0, 챗 의 심혈관 질환 예측 정확도를 입증했다  최근  챗  등의 대규모 언어 모델은 사회 전반에서 폭넓게 활용되고 있다  특히   모델 기반의  챗 이하  는 미국의 의사면허시험 에서   이상의 정답률로  ,1
214,인천 미추홀도서관  시민이 함께 읽을 올해의 책 뽑는다,1,인천 미추홀도서관이 시민이 함께 읽을 올해의 책을 뽑는다 미추홀도서관은 다음 달  일까지 지역의 도서관  학교  지역 서점 등과 함께   미추홀북  도서 선정을 위한 시민 투표를 진행한다 미추홀북은  ,1
215,자체   반도체 개발 선언한 오픈 웹 검색 서비스 개발로 구글과 경쟁 예고,0, 챗  개발로   시대의 한획을 그은 오픈 가 웹 검색 서비스로 시장에 새롭게 도전할 준비를 하고 있다고  다만  해당 서비스가 독립형으로 제공될 지   챗 의 일부 서비스로 제공될지는 확실하지는 않다고  ,1
216, 김태열의 생생건강 펜   국내연구진   챗  활용 심혈관 질환 예측 정확도 입 ,0, 챗 의 심혈관 질환 예측 정확도를 입증했다  최근  챗  등의 대규모 언어 모델은 사회 전반에서 폭넓게 활용되고 있다  특히   모델 기반의  챗 이하  는 미국의 의사면허시험 에서   이상의 정답률로  ,1
217,국내 연구진   챗  활용 심혈관질환 예측 정확도 입증,0, 챗 의 심혈관 질환 예측 정확도를 입증했다고  일 밝혔다  최근  챗  등의 대규모 언어 모델은 사회 전반에서 폭넓게 활용되고 있다  특히   모델 기반의  챗 이하  는 미국의 의사면허시험 에서   ,1
218,  도입 전 고려해야 할  가지 질문,0, 챗  출시 후 대규모 언어 모델 에 대한 열광만큼이나 반발도 커지고 있다  실제로 이 기술을 잘못  물론  챗  같은 일반적인  의 구독과 사용량을 측정하는 것은 쉽다  그러나 더 구체적인 맞춤형 시스템은 단순한  ,1
219, 영상 촛불 바라보는 솜털 괴물  글 썼더니 영상으로 오픈    소라  공 ,0, 무릎을 꿇은 채 붉은 촛불을 바라보는 짧은 솜털 괴물의 모습   챗  개발사인 오픈  의 새  다만 이 서비스가 독립적인지   챗 의 일부 서비스로 제공될지에 대해서는 알려지지 않았다  오픈 의 검색  ,1
220,글로벌텍스프리 주가 신바람   올해도 성장가도 달릴 가능성 ,1,이날 오전  시  분   챗봇 챗  등  관련주인 코콤 마음  브레인즈컴퍼니 솔트룩스 카카오 미디어젠 코맥스 블루콤 가온그룹 알에프세미 코아시아 카카오 파인디지털 네이버 현대모비스 리노스 비트나인  ,1
221,애플    코드 완성도구 개발 중 에 도전장 ,0,이를 통해   및 맥  사용자는  챗 와 같은 자연어 방식으로 요청해 일기예보를 받거나 앱 내에서 기능을 작동할 수 있다  최근 다른 빅테크 기업들이   기술 연구나 제품 출시하는 데 두각을 나타냈던 것과 비교해  ,1
222,경기신용보증재단   챗 와 함께 미래 경영 준비한다,1,워크숍은  부 미래성장 대비를 위한  챗  활용법과  부 실무적인 업무점검 및 계획으로 진행됐다   부에서는 미래 경영환경  기관 운영방향 등과 관련한  챗  활용전략에 대한 강의와 토론이 진행됐으며  이어 경기신보  ,1
223,용인세브란스병원 배성아 윤덕용 교수 연구팀   챗  활용 심혈관 질환 예측 ,0, 챗 의 심혈관 질환 예측 정확도를 입증했다  최근  챗  등의 대규모 언어 모델은 사회 전반에서 폭넓게 활용되고 있다  특히   모델 기반의  챗 이하  는 미국의 의사면허시험 에서   이상의 정답률로  ,1
224, 챗  활용한 심혈관 질환 예측 정확도 입증,0, 챗 의 심혈관 질환 예측 정확도를 입증했다  최근  챗  등의 대규모 언어 모델은 사회 전반에서 폭넓게 활용되고 있다  특히   모델 기반의  챗 이하  는 미국의 의사면허시험 에서   이상의 정답률로  ,1
225,경기신용보증재단  장기화되고 있는 경제위기에 조기위기 극복 위한 전략과 혁 ,0,이날 워크숍은  부 미래성장 대비를 위한  챗  활용법과  부 실무적인 업무점검 및 계획으로 진행됐다   부에서는 미래 경영환경과 기관 운영방향 등과 관련하여  챗  활용전략에 대한 강의와 토론이 진행됐으며  이어서  ,1
226,토익학원  신촌센터 현강 온라인 콜라보 강의 할인 진행,0,특히 토익 등록생 전원에게 토익 주관사인  만의 혜택으로 독점 공개되는 토익 미니보카를 증정하고    토익 최신 실제 문제 제공을 통한 실전 문제풀이 훈련과 함께  챗 를 활용한 다양한 유형의 문제와 방대한 양의  ,1
227,용인세브란스   챗  활용 심혈관 질환 예측 정확도 입증,0,용인세브란스병원 심장내과 배성아 교수  의생명시스템정보학교실 윤덕용 교수 연구팀이  챗 의 심혈관 질환 예측 정확도를 입증했다고  일 밝혔다  최근  챗  등의 대규모 언어 모델은 사회 전반에서 폭넓게  ,1
228, 더벨 월드코인 투자받은 체인파트너스  리브랜딩  사업확장 ,0,월드코인은  챗 의 아버지 라 불리는 샘 알트만   이 이끄는 디지털 신원인증 프로젝트다  상반기에는  챗  명령어와 답변을 한국어로 실시간 번역하는  네이티브  서비스를 출시했다  하반기에는 자회사인  ,1
229,구글  제미나이   공개 시간짜리 동영상도 요약 가능,0,이로써 제미나이  는 오픈 의  챗  등을 포함한 최신   모델들보다  훨씬 더 많은 데이터를 처리할 수 있습니다  그러나 구글은 제미나이  가 아직은 완벽하지 않다고 언급했습니다  성능 향상을 위해 노력하고  ,1
230, 창간  주년 기획     리딩금융    중소 스타트업  리드 에도 진심,0,지난해  월 열린 퓨처나인  기 데모데이에서는   기업  스켈터랩스 와  국민카드가  챗   를 활용해   서비스를 구현한 사례가 발표됐다  또  실내 골프시설 가격 비교와 실시간 예약 플랫폼을 운영하는  김캐디  ,1
